id,first_name,last_name,email,money
1,Yuma,Marjanski,ymarjanski0@soup.io,2211.80
2,Larina,Maud,lmaud1@artisteer.com,3700.60
3,Granny,Field,gfield2@un.org,2838.55
4,Tillie,Priscott,tpriscott3@samsung.com,8186.93
5,Madison,Pengelley,mpengelley4@privacy.gov.au,6157.25
6,Peyter,Stanhope,pstanhope5@hao123.com,4598.49
7,Angelica,Rochelle,arochelle6@unicef.org,3072.27
8,Chauncey,Kahler,ckahler7@umich.edu,7535.48
9,Sheila-kathryn,Paolazzi,spaolazzi8@wired.com,9448.58
10,Sue,Hayman,shayman9@angelfire.com,5109.98
11,Antonin,Crucitti,acrucittia@samsung.com,1286.25
12,Larine,Ronayne,lronayneb@ocn.ne.jp,3445.72
13,Josephina,Scamadin,jscamadinc@google.com.br,2860.08
14,Inness,Ricco,iriccod@si.edu,7272.26
15,Mikol,Amphlett,mamphlette@theglobeandmail.com,2143.31
16,Elvin,Flewan,eflewanf@reddit.com,6113.20
17,Nikki,Anstee,nansteeg@mapquest.com,7022.36
18,Bonnie,Moyce,bmoyceh@independent.co.uk,2901.19
19,Elinor,Perdue,eperduei@walmart.com,4437.39
20,Ced,Pinnick,cpinnickj@gizmodo.com,6247.83
21,Marys,Stredder,mstredderk@nba.com,5142.44
22,Esdras,Trowbridge,etrowbridgel@free.fr,9122.71
23,Ninon,Ilyuchyov,nilyuchyovm@adobe.com,8737.45
24,Gloria,Bench,gbenchn@people.com.cn,5384.45
25,Lyssa,Adamson,ladamsono@dion.ne.jp,2784.28
26,Madelle,Frentz,mfrentzp@acquirethisname.com,2266.79
27,Bobbette,Spat,bspatq@army.mil,4787.62
28,Petunia,Pinwill,ppinwillr@csmonitor.com,8654.67
29,Harrietta,Steuart,hsteuarts@tinyurl.com,6428.45
30,Andras,Hambelton,ahambeltont@squarespace.com,7991.40
31,Owen,Chark,ocharku@ucsd.edu,9930.65
32,Lyell,Ibarra,libarrav@ustream.tv,6591.08
33,Dreddy,Rowantree,drowantreew@so-net.ne.jp,1845.84
34,Marketa,Canape,mcanapex@bing.com,3119.00
35,Gloria,Dahmke,gdahmkey@squarespace.com,1363.19
36,Steward,Dowtry,sdowtryz@oracle.com,3122.34
37,Syd,Ibotson,sibotson10@paginegialle.it,6536.87
38,Mame,Parlatt,mparlatt11@shutterfly.com,6571.98
39,Clemens,Aldington,caldington12@reuters.com,3186.07
40,Birgit,Leither,bleither13@creativecommons.org,6681.30
41,Mathe,Rous,mrous14@sogou.com,7635.89
42,Temple,Curryer,tcurryer15@wikia.com,8818.32
43,Calhoun,Pogg,cpogg16@deviantart.com,1904.38
44,Britt,Baynom,bbaynom17@berkeley.edu,8064.58
45,Manon,Lupson,mlupson18@unblog.fr,3557.41
46,Nerta,Brinkler,nbrinkler19@guardian.co.uk,5962.99
47,Rebekkah,Shervington,rshervington1a@bravesites.com,4911.95
48,Chelsey,Snelson,csnelson1b@mtv.com,4435.52
49,Weider,Blasiak,wblasiak1c@trellian.com,8059.29
50,Deva,Drummond,ddrummond1d@vistaprint.com,2605.09
